{"cameraMode":{"drawMode":0,"name":"Shaded","section":"Shading Mode"},"sceneLighting":false,"audioPlay":false,"sceneViewState":{"showFog":true,"showMaterialUpdate":true,"showSkybox":false,"showFlares":true,"showImageEffects":true,"showParticleSystems":true},"in2DMode":false,"pivot":{"x":3.8388209342956545,"y":0.6017523407936096,"z":-0.07860994338989258},"rotation":{"x":-0.04215671122074127,"y":0.08143380284309387,"z":-0.0034475165884941818,"w":-0.995780885219574},"size":2.836318254470825,"orthographic":false}