{"cameraMode":{"drawMode":0,"name":"Shaded","section":"Shading Mode"},"sceneLighting":false,"audioPlay":false,"sceneViewState":{"showFog":true,"showMaterialUpdate":true,"showSkybox":true,"showFlares":true,"showImageEffects":true,"showParticleSystems":true},"in2DMode":false,"pivot":{"x":-2.362640380859375,"y":1.9061826467514039,"z":-0.04376829415559769},"rotation":{"x":0.007189766503870487,"y":-0.0024035570677369835,"z":-0.000017267590010305867,"w":-0.999971330165863},"size":17.882661819458009,"orthographic":false}